,Included_Packets,Excluded_Packets,Node1,Filter1,Text1,Action1,Node2,Filter2,Text2,Action2
0,"srcIp: 0.0.0.0/0
dstIP: 0.0.0.0/0
TCP
","srcIp: 0.0.0.0/0
dstIP: 0.0.0.0/0
srcPort: [0,65535]
dstPort: [20,20]
TCP

srcIp: 0.0.0.0/0
dstIP: 0.0.0.0/0
srcPort: [0,65535]
dstPort: [21,21]
TCP

srcIp: 0.0.0.0/0
dstIP: 0.0.0.0/0
srcPort: [0,65535]
dstPort: [50000,51000]
TCP

",acl_llm_10_fs_gpt-4o.txt,allow_ftp_and_port_range,permit ip any any,ACCEPT,acl_manual_10.txt,allow_ftp_and_port_range,deny tcp any any,REJECT
1,"srcIp: 0.0.0.0/0
dstIP: 0.0.0.0/0
srcPort: [0,65535]
dstPort: [20,20]
TCP
",,acl_llm_10_fs_gpt-4o.txt,allow_ftp_and_port_range,permit tcp any any eq ftp-data,ACCEPT,acl_manual_10.txt,allow_ftp_and_port_range,deny tcp any any,REJECT
